{"cameraMode":{"drawMode":0,"name":"Shaded","section":"Shading Mode"},"sceneLighting":true,"audioPlay":false,"sceneViewState":{"m_AlwaysRefresh":false,"showFog":true,"showSkybox":true,"showFlares":true,"showImageEffects":true,"showParticleSystems":true,"showVisualEffectGraphs":true,"m_FxEnabled":true},"in2DMode":false,"pivot":{"x":119.95527648925781,"y":-80.76396179199219,"z":-177.1835479736328},"rotation":{"x":0.05271124094724655,"y":0.9408247470855713,"z":-0.17295992374420167,"w":0.28670912981033327},"size":116.61109924316406,"orthographic":false}